{
  "assets": [
    {
      "name": "Deedy Resume Reversed",
      "fileName": "1.jpeg"
    },
    {
      "name": "RenderCV sb2nov Theme",
      "fileName": "2.jpeg"
    },
    {
      "name": "RenderCV EngineeringResumes Theme",
      "fileName": "3.jpeg"
    },
    {
      "name": "Recreating Business Insider's CV of Marissa Mayer",
      "fileName": "4.jpeg"
    },
    {
      "name": "Simple Hipster CV",
      "fileName": "5.jpeg"
    },
    {
      "name": "Anti CV",
      "fileName": "6.jpeg"
    },
    {
      "name": "Yuan's Resume Template",
      "fileName": "7.jpeg"
    },
    {
      "name": "MTeck's Resume",
      "fileName": "8.jpeg"
    },
    {
      "name": "Clean Academic CV Template",
      "fileName": "9.jpeg"
    },
    {
      "name": "Academic CV Template",
      "fileName": "10.jpeg"
    }
  ]
}